Replicate.Name,Molecule.List.Name,Molecule.Name,Precursor.Mz,Total Area
ER3_149_2fdQC_03,molecules1,Proline,116.2,6480041
ER3_149_2fdQC_04,molecules1,Proline,116.2,6287701
ER3_149_2fdQC_08,molecules1,Proline,116.2,9204826
ER3_149_2fdQC_09,molecules1,Proline,116.2,19757556
ER3_149_2fdQC_44,molecules1,Proline,116.2,6802182
ER3_149_2fdQC_79,molecules1,Proline,116.2,4210868
ER3_149_2fdQC_114,molecules1,Proline,116.2,5190080
ER3_149_2fdQC_142,molecules1,Proline,116.2,3909234
blk_07,molecules1,Proline,116.2,413568
blk_19_210824190211,molecules1,Proline,116.2,84048
ER3_149_2fdCal_p5fmol_20,molecules1,Proline,116.2,26309798
ER3_149_2fdCal_p5fmol_21,molecules1,Proline,116.2,25140030
ER3_149_2fdCal_p5fmol_22,molecules1,Proline,116.2,24513534
ER3_149_2fdCal_1fmol_24,molecules1,Proline,116.2,22675702
ER3_149_2fdCal_1fmol_25,molecules1,Proline,116.2,22574598
ER3_149_2fdCal_1fmol_26,molecules1,Proline,116.2,22658866
ER3_149_2fdCal_5fmol_28,molecules1,Proline,116.2,23457708
ER3_149_2fdCal_5fmol_29,molecules1,Proline,116.2,23740740
ER3_149_2fdCal_5fmol_30,molecules1,Proline,116.2,23555756
ER3_149_2fdCal_10fmol_31,molecules1,Proline,116.2,23576934
ER3_149_2fdCal_10fmol_32,molecules1,Proline,116.2,22459886
ER3_149_2fdCal_10fmol_33,molecules1,Proline,116.2,21955238
ER3_149_2fdCal_50fmol_35,molecules1,Proline,116.2,23973174
ER3_149_2fdCal_50fmol_36,molecules1,Proline,116.2,24809052
ER3_149_2fdCal_50fmol_37,molecules1,Proline,116.2,24246028
ER3_149_2fdCal_100fmol_39,molecules1,Proline,116.2,22612376
ER3_149_2fdCal_100fmol_40,molecules1,Proline,116.2,24009302
ER3_149_2fdCal_100fmol_41,molecules1,Proline,116.2,23235472
ER3_149_2fdQC_03,molecules1,GBT,118.4,1092347
ER3_149_2fdQC_04,molecules1,GBT,118.4,1240323
ER3_149_2fdQC_08,molecules1,GBT,118.4,1439047
ER3_149_2fdQC_09,molecules1,GBT,118.4,2858954
ER3_149_2fdQC_44,molecules1,GBT,118.4,1033514
ER3_149_2fdQC_79,molecules1,GBT,118.4,873434
ER3_149_2fdQC_114,molecules1,GBT,118.4,758627
ER3_149_2fdQC_142,molecules1,GBT,118.4,626363
blk_07,molecules1,GBT,118.4,247376
blk_19_210824190211,molecules1,GBT,118.4,23690
ER3_149_2fdCal_p5fmol_20,molecules1,GBT,118.4,3715290
ER3_149_2fdCal_p5fmol_21,molecules1,GBT,118.4,3486266
ER3_149_2fdCal_p5fmol_22,molecules1,GBT,118.4,3558494
ER3_149_2fdCal_1fmol_24,molecules1,GBT,118.4,3817767
ER3_149_2fdCal_1fmol_25,molecules1,GBT,118.4,3469089
ER3_149_2fdCal_1fmol_26,molecules1,GBT,118.4,3387955
ER3_149_2fdCal_5fmol_28,molecules1,GBT,118.4,3503093
ER3_149_2fdCal_5fmol_29,molecules1,GBT,118.4,3543034
ER3_149_2fdCal_5fmol_30,molecules1,GBT,118.4,3173267
ER3_149_2fdCal_10fmol_31,molecules1,GBT,118.4,3814524
ER3_149_2fdCal_10fmol_32,molecules1,GBT,118.4,3494940
ER3_149_2fdCal_10fmol_33,molecules1,GBT,118.4,3365061
ER3_149_2fdCal_50fmol_35,molecules1,GBT,118.4,3557792
ER3_149_2fdCal_50fmol_36,molecules1,GBT,118.4,3355902
ER3_149_2fdCal_50fmol_37,molecules1,GBT,118.4,3496471
ER3_149_2fdCal_100fmol_39,molecules1,GBT,118.4,3364485
ER3_149_2fdCal_100fmol_40,molecules1,GBT,118.4,3730588
ER3_149_2fdCal_100fmol_41,molecules1,GBT,118.4,3491299
ER3_149_2fdQC_03,molecules1,B3,123.1,220433
ER3_149_2fdQC_04,molecules1,B3,123.1,268410
ER3_149_2fdQC_08,molecules1,B3,123.1,164131
ER3_149_2fdQC_09,molecules1,B3,123.1,337791
ER3_149_2fdQC_44,molecules1,B3,123.1,176395
ER3_149_2fdQC_79,molecules1,B3,123.1,143078
ER3_149_2fdQC_114,molecules1,B3,123.1,147496
ER3_149_2fdQC_142,molecules1,B3,123.1,71695
blk_07,molecules1,B3,123.1,661
blk_19_210824190211,molecules1,B3,123.1,2769
ER3_149_2fdCal_p5fmol_20,molecules1,B3,123.1,495230
ER3_149_2fdCal_p5fmol_21,molecules1,B3,123.1,475196
ER3_149_2fdCal_p5fmol_22,molecules1,B3,123.1,452594
ER3_149_2fdCal_1fmol_24,molecules1,B3,123.1,444671
ER3_149_2fdCal_1fmol_25,molecules1,B3,123.1,423926
ER3_149_2fdCal_1fmol_26,molecules1,B3,123.1,451885
ER3_149_2fdCal_5fmol_28,molecules1,B3,123.1,545402
ER3_149_2fdCal_5fmol_29,molecules1,B3,123.1,503346
ER3_149_2fdCal_5fmol_30,molecules1,B3,123.1,508439
ER3_149_2fdCal_10fmol_31,molecules1,B3,123.1,519419
ER3_149_2fdCal_10fmol_32,molecules1,B3,123.1,457258
ER3_149_2fdCal_10fmol_33,molecules1,B3,123.1,464820
ER3_149_2fdCal_50fmol_35,molecules1,B3,123.1,519387
ER3_149_2fdCal_50fmol_36,molecules1,B3,123.1,506653
ER3_149_2fdCal_50fmol_37,molecules1,B3,123.1,520591
ER3_149_2fdCal_100fmol_39,molecules1,B3,123.1,501368
ER3_149_2fdCal_100fmol_40,molecules1,B3,123.1,490960
ER3_149_2fdCal_100fmol_41,molecules1,B3,123.1,461398
ER3_149_2fdQC_03,molecules1,DMSP,135,721577
ER3_149_2fdQC_04,molecules1,DMSP,135,647053
ER3_149_2fdQC_08,molecules1,DMSP,135,719906
ER3_149_2fdQC_09,molecules1,DMSP,135,1154031
ER3_149_2fdQC_44,molecules1,DMSP,135,529769
ER3_149_2fdQC_79,molecules1,DMSP,135,378086
ER3_149_2fdQC_114,molecules1,DMSP,135,320892
ER3_149_2fdQC_142,molecules1,DMSP,135,209624
blk_07,molecules1,DMSP,135,22837
blk_19_210824190211,molecules1,DMSP,135,16648
ER3_149_2fdCal_p5fmol_20,molecules1,DMSP,135,1437054
ER3_149_2fdCal_p5fmol_21,molecules1,DMSP,135,1215890
ER3_149_2fdCal_p5fmol_22,molecules1,DMSP,135,1394637
ER3_149_2fdCal_1fmol_24,molecules1,DMSP,135,1485372
ER3_149_2fdCal_1fmol_25,molecules1,DMSP,135,1207899
ER3_149_2fdCal_1fmol_26,molecules1,DMSP,135,1367790
ER3_149_2fdCal_5fmol_28,molecules1,DMSP,135,1201825
ER3_149_2fdCal_5fmol_29,molecules1,DMSP,135,1479233
ER3_149_2fdCal_5fmol_30,molecules1,DMSP,135,1470270
ER3_149_2fdCal_10fmol_31,molecules1,DMSP,135,1592080
ER3_149_2fdCal_10fmol_32,molecules1,DMSP,135,1433802
ER3_149_2fdCal_10fmol_33,molecules1,DMSP,135,1287685
ER3_149_2fdCal_50fmol_35,molecules1,DMSP,135,1380273
ER3_149_2fdCal_50fmol_36,molecules1,DMSP,135,1490619
ER3_149_2fdCal_50fmol_37,molecules1,DMSP,135,1320107
ER3_149_2fdCal_100fmol_39,molecules1,DMSP,135,1236601
ER3_149_2fdCal_100fmol_40,molecules1,DMSP,135,1381628
ER3_149_2fdCal_100fmol_41,molecules1,DMSP,135,1478081
ER3_149_2fdQC_03,molecules1,Homarine,138.1,14942812
ER3_149_2fdQC_04,molecules1,Homarine,138.1,17269830
ER3_149_2fdQC_08,molecules1,Homarine,138.1,16225612
ER3_149_2fdQC_09,molecules1,Homarine,138.1,31743330
ER3_149_2fdQC_44,molecules1,Homarine,138.1,9996413
ER3_149_2fdQC_79,molecules1,Homarine,138.1,6159055
ER3_149_2fdQC_114,molecules1,Homarine,138.1,5771677
ER3_149_2fdQC_142,molecules1,Homarine,138.1,6123179
blk_07,molecules1,Homarine,138.1,1248070
blk_19_210824190211,molecules1,Homarine,138.1,131297
ER3_149_2fdCal_p5fmol_20,molecules1,Homarine,138.1,41450824
ER3_149_2fdCal_p5fmol_21,molecules1,Homarine,138.1,42242312
ER3_149_2fdCal_p5fmol_22,molecules1,Homarine,138.1,38926864
ER3_149_2fdCal_1fmol_24,molecules1,Homarine,138.1,40713340
ER3_149_2fdCal_1fmol_25,molecules1,Homarine,138.1,39669848
ER3_149_2fdCal_1fmol_26,molecules1,Homarine,138.1,38765796
ER3_149_2fdCal_5fmol_28,molecules1,Homarine,138.1,39167124
ER3_149_2fdCal_5fmol_29,molecules1,Homarine,138.1,39974028
ER3_149_2fdCal_5fmol_30,molecules1,Homarine,138.1,37479308
ER3_149_2fdCal_10fmol_31,molecules1,Homarine,138.1,40407824
ER3_149_2fdCal_10fmol_32,molecules1,Homarine,138.1,37315100
ER3_149_2fdCal_10fmol_33,molecules1,Homarine,138.1,37618792
ER3_149_2fdCal_50fmol_35,molecules1,Homarine,138.1,38368984
ER3_149_2fdCal_50fmol_36,molecules1,Homarine,138.1,37969100
ER3_149_2fdCal_50fmol_37,molecules1,Homarine,138.1,38349112
ER3_149_2fdCal_100fmol_39,molecules1,Homarine,138.1,36336736
ER3_149_2fdCal_100fmol_40,molecules1,Homarine,138.1,39263408
ER3_149_2fdCal_100fmol_41,molecules1,Homarine,138.1,39648800
ER3_149_2fdQC_03,molecules1,HMP,140.1,156112
ER3_149_2fdQC_04,molecules1,HMP,140.1,213354
ER3_149_2fdQC_08,molecules1,HMP,140.1,324285
ER3_149_2fdQC_09,molecules1,HMP,140.1,313704
ER3_149_2fdQC_44,molecules1,HMP,140.1,421708
ER3_149_2fdQC_79,molecules1,HMP,140.1,341168
ER3_149_2fdQC_114,molecules1,HMP,140.1,178945
ER3_149_2fdQC_142,molecules1,HMP,140.1,176504
blk_07,molecules1,HMP,140.1,470803
blk_19_210824190211,molecules1,HMP,140.1,472702
ER3_149_2fdCal_p5fmol_20,molecules1,HMP,140.1,458648
ER3_149_2fdCal_p5fmol_21,molecules1,HMP,140.1,273274
ER3_149_2fdCal_p5fmol_22,molecules1,HMP,140.1,391816
ER3_149_2fdCal_1fmol_24,molecules1,HMP,140.1,351650
ER3_149_2fdCal_1fmol_25,molecules1,HMP,140.1,396872
ER3_149_2fdCal_1fmol_26,molecules1,HMP,140.1,403337
ER3_149_2fdCal_5fmol_28,molecules1,HMP,140.1,412005
ER3_149_2fdCal_5fmol_29,molecules1,HMP,140.1,464224
ER3_149_2fdCal_5fmol_30,molecules1,HMP,140.1,427411
ER3_149_2fdCal_10fmol_31,molecules1,HMP,140.1,502893
ER3_149_2fdCal_10fmol_32,molecules1,HMP,140.1,511322
ER3_149_2fdCal_10fmol_33,molecules1,HMP,140.1,524357
ER3_149_2fdCal_50fmol_35,molecules1,HMP,140.1,767950
ER3_149_2fdCal_50fmol_36,molecules1,HMP,140.1,742782
ER3_149_2fdCal_50fmol_37,molecules1,HMP,140.1,716330
ER3_149_2fdCal_100fmol_39,molecules1,HMP,140.1,1193745
ER3_149_2fdCal_100fmol_40,molecules1,HMP,140.1,1262506
ER3_149_2fdCal_100fmol_41,molecules1,HMP,140.1,1307887
ER3_149_2fdQC_03,molecules1,HET,144.1,10712
ER3_149_2fdQC_04,molecules1,HET,144.1,11729
ER3_149_2fdQC_08,molecules1,HET,144.1,7770
ER3_149_2fdQC_09,molecules1,HET,144.1,19288
ER3_149_2fdQC_44,molecules1,HET,144.1,11328
ER3_149_2fdQC_79,molecules1,HET,144.1,8467
ER3_149_2fdQC_114,molecules1,HET,144.1,8393
ER3_149_2fdQC_142,molecules1,HET,144.1,8537
blk_07,molecules1,HET,144.1,1400
blk_19_210824190211,molecules1,HET,144.1,1900
ER3_149_2fdCal_p5fmol_20,molecules1,HET,144.1,69132
ER3_149_2fdCal_p5fmol_21,molecules1,HET,144.1,59432
ER3_149_2fdCal_p5fmol_22,molecules1,HET,144.1,69128
ER3_149_2fdCal_1fmol_24,molecules1,HET,144.1,129613
ER3_149_2fdCal_1fmol_25,molecules1,HET,144.1,133532
ER3_149_2fdCal_1fmol_26,molecules1,HET,144.1,129078
ER3_149_2fdCal_5fmol_28,molecules1,HET,144.1,617619
ER3_149_2fdCal_5fmol_29,molecules1,HET,144.1,629952
ER3_149_2fdCal_5fmol_30,molecules1,HET,144.1,602349
ER3_149_2fdCal_10fmol_31,molecules1,HET,144.1,1194336
ER3_149_2fdCal_10fmol_32,molecules1,HET,144.1,1278588
ER3_149_2fdCal_10fmol_33,molecules1,HET,144.1,1252641
ER3_149_2fdCal_50fmol_35,molecules1,HET,144.1,6546639
ER3_149_2fdCal_50fmol_36,molecules1,HET,144.1,6386906
ER3_149_2fdCal_50fmol_37,molecules1,HET,144.1,6510080
ER3_149_2fdCal_100fmol_39,molecules1,HET,144.1,12042192
ER3_149_2fdCal_100fmol_40,molecules1,HET,144.1,12166518
ER3_149_2fdCal_100fmol_41,molecules1,HET,144.1,12189063
ER3_149_2fdQC_03,molecules1,Dimethyl-benzimidazole (DMB),147.2,30666
ER3_149_2fdQC_04,molecules1,Dimethyl-benzimidazole (DMB),147.2,26071
ER3_149_2fdQC_08,molecules1,Dimethyl-benzimidazole (DMB),147.2,30341
ER3_149_2fdQC_09,molecules1,Dimethyl-benzimidazole (DMB),147.2,24290
ER3_149_2fdQC_44,molecules1,Dimethyl-benzimidazole (DMB),147.2,28774
ER3_149_2fdQC_79,molecules1,Dimethyl-benzimidazole (DMB),147.2,19091
ER3_149_2fdQC_114,molecules1,Dimethyl-benzimidazole (DMB),147.2,21185
ER3_149_2fdQC_142,molecules1,Dimethyl-benzimidazole (DMB),147.2,13215
blk_07,molecules1,Dimethyl-benzimidazole (DMB),147.2,9836
blk_19_210824190211,molecules1,Dimethyl-benzimidazole (DMB),147.2,15261
ER3_149_2fdCal_p5fmol_20,molecules1,Dimethyl-benzimidazole (DMB),147.2,35230
ER3_149_2fdCal_p5fmol_21,molecules1,Dimethyl-benzimidazole (DMB),147.2,29333
ER3_149_2fdCal_p5fmol_22,molecules1,Dimethyl-benzimidazole (DMB),147.2,42946
ER3_149_2fdCal_1fmol_24,molecules1,Dimethyl-benzimidazole (DMB),147.2,35810
ER3_149_2fdCal_1fmol_25,molecules1,Dimethyl-benzimidazole (DMB),147.2,44177
ER3_149_2fdCal_1fmol_26,molecules1,Dimethyl-benzimidazole (DMB),147.2,39455
ER3_149_2fdCal_5fmol_28,molecules1,Dimethyl-benzimidazole (DMB),147.2,112352
ER3_149_2fdCal_5fmol_29,molecules1,Dimethyl-benzimidazole (DMB),147.2,104263
ER3_149_2fdCal_5fmol_30,molecules1,Dimethyl-benzimidazole (DMB),147.2,110943
ER3_149_2fdCal_10fmol_31,molecules1,Dimethyl-benzimidazole (DMB),147.2,200296
ER3_149_2fdCal_10fmol_32,molecules1,Dimethyl-benzimidazole (DMB),147.2,197052
ER3_149_2fdCal_10fmol_33,molecules1,Dimethyl-benzimidazole (DMB),147.2,208109
ER3_149_2fdCal_50fmol_35,molecules1,Dimethyl-benzimidazole (DMB),147.2,1387672
ER3_149_2fdCal_50fmol_36,molecules1,Dimethyl-benzimidazole (DMB),147.2,1406664
ER3_149_2fdCal_50fmol_37,molecules1,Dimethyl-benzimidazole (DMB),147.2,1382694
ER3_149_2fdCal_100fmol_39,molecules1,Dimethyl-benzimidazole (DMB),147.2,2186819
ER3_149_2fdCal_100fmol_40,molecules1,Dimethyl-benzimidazole (DMB),147.2,2300981
ER3_149_2fdCal_100fmol_41,molecules1,Dimethyl-benzimidazole (DMB),147.2,2262840
ER3_149_2fdQC_03,molecules1,Methionine,150.3,261337
ER3_149_2fdQC_04,molecules1,Methionine,150.3,241104
ER3_149_2fdQC_08,molecules1,Methionine,150.3,68254
ER3_149_2fdQC_09,molecules1,Methionine,150.3,620666
ER3_149_2fdQC_44,molecules1,Methionine,150.3,68495
ER3_149_2fdQC_79,molecules1,Methionine,150.3,34786
ER3_149_2fdQC_114,molecules1,Methionine,150.3,39094
ER3_149_2fdQC_142,molecules1,Methionine,150.3,64395
blk_07,molecules1,Methionine,150.3,122857
blk_19_210824190211,molecules1,Methionine,150.3,113011
ER3_149_2fdCal_p5fmol_20,molecules1,Methionine,150.3,808638
ER3_149_2fdCal_p5fmol_21,molecules1,Methionine,150.3,808315
ER3_149_2fdCal_p5fmol_22,molecules1,Methionine,150.3,825191
ER3_149_2fdCal_1fmol_24,molecules1,Methionine,150.3,720233
ER3_149_2fdCal_1fmol_25,molecules1,Methionine,150.3,683985
ER3_149_2fdCal_1fmol_26,molecules1,Methionine,150.3,749657
ER3_149_2fdCal_5fmol_28,molecules1,Methionine,150.3,768047
ER3_149_2fdCal_5fmol_29,molecules1,Methionine,150.3,723666
ER3_149_2fdCal_5fmol_30,molecules1,Methionine,150.3,795153
ER3_149_2fdCal_10fmol_31,molecules1,Methionine,150.3,723701
ER3_149_2fdCal_10fmol_32,molecules1,Methionine,150.3,730398
ER3_149_2fdCal_10fmol_33,molecules1,Methionine,150.3,777769
ER3_149_2fdCal_50fmol_35,molecules1,Methionine,150.3,718423
ER3_149_2fdCal_50fmol_36,molecules1,Methionine,150.3,747214
ER3_149_2fdCal_50fmol_37,molecules1,Methionine,150.3,739754
ER3_149_2fdCal_100fmol_39,molecules1,Methionine,150.3,644607
ER3_149_2fdCal_100fmol_40,molecules1,Methionine,150.3,712166
ER3_149_2fdCal_100fmol_41,molecules1,Methionine,150.3,677319
ER3_149_2fdQC_03,molecules1,FAMP,167.1,51282
ER3_149_2fdQC_04,molecules1,FAMP,167.1,34874
ER3_149_2fdQC_08,molecules1,FAMP,167.1,71622
ER3_149_2fdQC_09,molecules1,FAMP,167.1,60369
ER3_149_2fdQC_44,molecules1,FAMP,167.1,75782
ER3_149_2fdQC_79,molecules1,FAMP,167.1,35276
ER3_149_2fdQC_114,molecules1,FAMP,167.1,43877
ER3_149_2fdQC_142,molecules1,FAMP,167.1,30673
blk_07,molecules1,FAMP,167.1,42965
blk_19_210824190211,molecules1,FAMP,167.1,49363
ER3_149_2fdCal_p5fmol_20,molecules1,FAMP,167.1,69489
ER3_149_2fdCal_p5fmol_21,molecules1,FAMP,167.1,96883
ER3_149_2fdCal_p5fmol_22,molecules1,FAMP,167.1,62688
ER3_149_2fdCal_1fmol_24,molecules1,FAMP,167.1,98455
ER3_149_2fdCal_1fmol_25,molecules1,FAMP,167.1,93302
ER3_149_2fdCal_1fmol_26,molecules1,FAMP,167.1,78458
ER3_149_2fdCal_5fmol_28,molecules1,FAMP,167.1,125271
ER3_149_2fdCal_5fmol_29,molecules1,FAMP,167.1,124651
ER3_149_2fdCal_5fmol_30,molecules1,FAMP,167.1,125693
ER3_149_2fdCal_10fmol_31,molecules1,FAMP,167.1,232583
ER3_149_2fdCal_10fmol_32,molecules1,FAMP,167.1,206183
ER3_149_2fdCal_10fmol_33,molecules1,FAMP,167.1,196259
ER3_149_2fdCal_50fmol_35,molecules1,FAMP,167.1,909448
ER3_149_2fdCal_50fmol_36,molecules1,FAMP,167.1,944008
ER3_149_2fdCal_50fmol_37,molecules1,FAMP,167.1,943486
ER3_149_2fdCal_100fmol_39,molecules1,FAMP,167.1,1669041
ER3_149_2fdCal_100fmol_40,molecules1,FAMP,167.1,1818869
ER3_149_2fdCal_100fmol_41,molecules1,FAMP,167.1,1718324
ER3_149_2fdQC_03,molecules1,B6,170.1,106766
ER3_149_2fdQC_04,molecules1,B6,170.1,48946
ER3_149_2fdQC_08,molecules1,B6,170.1,10593
ER3_149_2fdQC_09,molecules1,B6,170.1,13189
ER3_149_2fdQC_44,molecules1,B6,170.1,17779
ER3_149_2fdQC_79,molecules1,B6,170.1,7507
ER3_149_2fdQC_114,molecules1,B6,170.1,22206
ER3_149_2fdQC_142,molecules1,B6,170.1,16533
blk_07,molecules1,B6,170.1,105798
blk_19_210824190211,molecules1,B6,170.1,67684
ER3_149_2fdCal_p5fmol_20,molecules1,B6,170.1,210030
ER3_149_2fdCal_p5fmol_21,molecules1,B6,170.1,206687
ER3_149_2fdCal_p5fmol_22,molecules1,B6,170.1,89858
ER3_149_2fdCal_1fmol_24,molecules1,B6,170.1,219694
ER3_149_2fdCal_1fmol_25,molecules1,B6,170.1,211409
ER3_149_2fdCal_1fmol_26,molecules1,B6,170.1,210208
ER3_149_2fdCal_5fmol_28,molecules1,B6,170.1,221873
ER3_149_2fdCal_5fmol_29,molecules1,B6,170.1,13584
ER3_149_2fdCal_5fmol_30,molecules1,B6,170.1,24126
ER3_149_2fdCal_10fmol_31,molecules1,B6,170.1,191210
ER3_149_2fdCal_10fmol_32,molecules1,B6,170.1,76811
ER3_149_2fdCal_10fmol_33,molecules1,B6,170.1,212136
ER3_149_2fdCal_50fmol_35,molecules1,B6,170.1,172572
ER3_149_2fdCal_50fmol_36,molecules1,B6,170.1,194850
ER3_149_2fdCal_50fmol_37,molecules1,B6,170.1,23686
ER3_149_2fdCal_100fmol_39,molecules1,B6,170.1,176172
ER3_149_2fdCal_100fmol_40,molecules1,B6,170.1,51495
ER3_149_2fdCal_100fmol_41,molecules1,B6,170.1,95603
ER3_149_2fdQC_03,molecules1,IAA,176.1,31487
ER3_149_2fdQC_04,molecules1,IAA,176.1,39852
ER3_149_2fdQC_08,molecules1,IAA,176.1,37173
ER3_149_2fdQC_09,molecules1,IAA,176.1,43119
ER3_149_2fdQC_44,molecules1,IAA,176.1,57416
ER3_149_2fdQC_79,molecules1,IAA,176.1,56670
ER3_149_2fdQC_114,molecules1,IAA,176.1,52904
ER3_149_2fdQC_142,molecules1,IAA,176.1,38030
blk_07,molecules1,IAA,176.1,6536
blk_19_210824190211,molecules1,IAA,176.1,5612
ER3_149_2fdCal_p5fmol_20,molecules1,IAA,176.1,27994
ER3_149_2fdCal_p5fmol_21,molecules1,IAA,176.1,40205
ER3_149_2fdCal_p5fmol_22,molecules1,IAA,176.1,47270
ER3_149_2fdCal_1fmol_24,molecules1,IAA,176.1,37634
ER3_149_2fdCal_1fmol_25,molecules1,IAA,176.1,42526
ER3_149_2fdCal_1fmol_26,molecules1,IAA,176.1,44319
ER3_149_2fdCal_5fmol_28,molecules1,IAA,176.1,60408
ER3_149_2fdCal_5fmol_29,molecules1,IAA,176.1,51256
ER3_149_2fdCal_5fmol_30,molecules1,IAA,176.1,55591
ER3_149_2fdCal_10fmol_31,molecules1,IAA,176.1,61405
ER3_149_2fdCal_10fmol_32,molecules1,IAA,176.1,61625
ER3_149_2fdCal_10fmol_33,molecules1,IAA,176.1,53530
ER3_149_2fdCal_50fmol_35,molecules1,IAA,176.1,64702
ER3_149_2fdCal_50fmol_36,molecules1,IAA,176.1,60267
ER3_149_2fdCal_50fmol_37,molecules1,IAA,176.1,62436
ER3_149_2fdCal_100fmol_39,molecules1,IAA,176.1,69463
ER3_149_2fdCal_100fmol_40,molecules1,IAA,176.1,64147
ER3_149_2fdCal_100fmol_41,molecules1,IAA,176.1,69787
ER3_149_2fdQC_03,molecules1,cHET,188.1,753194
ER3_149_2fdQC_04,molecules1,cHET,188.1,727279
ER3_149_2fdQC_08,molecules1,cHET,188.1,642496
ER3_149_2fdQC_09,molecules1,cHET,188.1,760908
ER3_149_2fdQC_44,molecules1,cHET,188.1,691348
ER3_149_2fdQC_79,molecules1,cHET,188.1,673090
ER3_149_2fdQC_114,molecules1,cHET,188.1,577620
ER3_149_2fdQC_142,molecules1,cHET,188.1,444815
blk_07,molecules1,cHET,188.1,4224
blk_19_210824190211,molecules1,cHET,188.1,5669
ER3_149_2fdCal_p5fmol_20,molecules1,cHET,188.1,829385
ER3_149_2fdCal_p5fmol_21,molecules1,cHET,188.1,817269
ER3_149_2fdCal_p5fmol_22,molecules1,cHET,188.1,818782
ER3_149_2fdCal_1fmol_24,molecules1,cHET,188.1,837704
ER3_149_2fdCal_1fmol_25,molecules1,cHET,188.1,899903
ER3_149_2fdCal_1fmol_26,molecules1,cHET,188.1,824667
ER3_149_2fdCal_5fmol_28,molecules1,cHET,188.1,1047490
ER3_149_2fdCal_5fmol_29,molecules1,cHET,188.1,1052291
ER3_149_2fdCal_5fmol_30,molecules1,cHET,188.1,1086962
ER3_149_2fdCal_10fmol_31,molecules1,cHET,188.1,1243694
ER3_149_2fdCal_10fmol_32,molecules1,cHET,188.1,1254313
ER3_149_2fdCal_10fmol_33,molecules1,cHET,188.1,1006983
ER3_149_2fdCal_50fmol_35,molecules1,cHET,188.1,2900868
ER3_149_2fdCal_50fmol_36,molecules1,cHET,188.1,2865582
ER3_149_2fdCal_50fmol_37,molecules1,cHET,188.1,2852254
ER3_149_2fdCal_100fmol_39,molecules1,cHET,188.1,4751330
ER3_149_2fdCal_100fmol_40,molecules1,cHET,188.1,4745571
ER3_149_2fdCal_100fmol_41,molecules1,cHET,188.1,4782805
ER3_149_2fdQC_03,molecules1,B5,220.1,18429456
ER3_149_2fdQC_04,molecules1,B5,220.1,18355898
ER3_149_2fdQC_08,molecules1,B5,220.1,18252662
ER3_149_2fdQC_09,molecules1,B5,220.1,14560154
ER3_149_2fdQC_44,molecules1,B5,220.1,17321246
ER3_149_2fdQC_79,molecules1,B5,220.1,15189749
ER3_149_2fdQC_114,molecules1,B5,220.1,12611360
ER3_149_2fdQC_142,molecules1,B5,220.1,8463161
blk_07,molecules1,B5,220.1,1303605
blk_19_210824190211,molecules1,B5,220.1,27619
ER3_149_2fdCal_p5fmol_20,molecules1,B5,220.1,18767724
ER3_149_2fdCal_p5fmol_21,molecules1,B5,220.1,17355696
ER3_149_2fdCal_p5fmol_22,molecules1,B5,220.1,17377142
ER3_149_2fdCal_1fmol_24,molecules1,B5,220.1,18439288
ER3_149_2fdCal_1fmol_25,molecules1,B5,220.1,17032014
ER3_149_2fdCal_1fmol_26,molecules1,B5,220.1,18043012
ER3_149_2fdCal_5fmol_28,molecules1,B5,220.1,18589412
ER3_149_2fdCal_5fmol_29,molecules1,B5,220.1,17977334
ER3_149_2fdCal_5fmol_30,molecules1,B5,220.1,17710272
ER3_149_2fdCal_10fmol_31,molecules1,B5,220.1,18482200
ER3_149_2fdCal_10fmol_32,molecules1,B5,220.1,18517174
ER3_149_2fdCal_10fmol_33,molecules1,B5,220.1,16596117
ER3_149_2fdCal_50fmol_35,molecules1,B5,220.1,17701572
ER3_149_2fdCal_50fmol_36,molecules1,B5,220.1,16936080
ER3_149_2fdCal_50fmol_37,molecules1,B5,220.1,17025790
ER3_149_2fdCal_100fmol_39,molecules1,B5,220.1,18432418
ER3_149_2fdCal_100fmol_40,molecules1,B5,220.1,16582926
ER3_149_2fdCal_100fmol_41,molecules1,B5,220.1,16858732
ER3_149_2fdQC_03,molecules1,B7,245.1,31175
ER3_149_2fdQC_04,molecules1,B7,245.1,27696
ER3_149_2fdQC_08,molecules1,B7,245.1,29054
ER3_149_2fdQC_09,molecules1,B7,245.1,26410
ER3_149_2fdQC_44,molecules1,B7,245.1,26633
ER3_149_2fdQC_79,molecules1,B7,245.1,24599
ER3_149_2fdQC_114,molecules1,B7,245.1,16161
ER3_149_2fdQC_142,molecules1,B7,245.1,25409
blk_07,molecules1,B7,245.1,15064
blk_19_210824190211,molecules1,B7,245.1,5287
ER3_149_2fdCal_p5fmol_20,molecules1,B7,245.1,31756
ER3_149_2fdCal_p5fmol_21,molecules1,B7,245.1,47877
ER3_149_2fdCal_p5fmol_22,molecules1,B7,245.1,38681
ER3_149_2fdCal_1fmol_24,molecules1,B7,245.1,39496
ER3_149_2fdCal_1fmol_25,molecules1,B7,245.1,45466
ER3_149_2fdCal_1fmol_26,molecules1,B7,245.1,31102
ER3_149_2fdCal_5fmol_28,molecules1,B7,245.1,65213
ER3_149_2fdCal_5fmol_29,molecules1,B7,245.1,58485
ER3_149_2fdCal_5fmol_30,molecules1,B7,245.1,60040
ER3_149_2fdCal_10fmol_31,molecules1,B7,245.1,61442
ER3_149_2fdCal_10fmol_32,molecules1,B7,245.1,72361
ER3_149_2fdCal_10fmol_33,molecules1,B7,245.1,106662
ER3_149_2fdCal_50fmol_35,molecules1,B7,245.1,246405
ER3_149_2fdCal_50fmol_36,molecules1,B7,245.1,259050
ER3_149_2fdCal_50fmol_37,molecules1,B7,245.1,229779
ER3_149_2fdCal_100fmol_39,molecules1,B7,245.1,491384
ER3_149_2fdCal_100fmol_40,molecules1,B7,245.1,474148
ER3_149_2fdCal_100fmol_41,molecules1,B7,245.1,464352
ER3_149_2fdQC_03,molecules1,B7-heavy,249.1,448843
ER3_149_2fdQC_04,molecules1,B7-heavy,249.1,414868
ER3_149_2fdQC_08,molecules1,B7-heavy,249.1,427218
ER3_149_2fdQC_09,molecules1,B7-heavy,249.1,429252
ER3_149_2fdQC_44,molecules1,B7-heavy,249.1,494972
ER3_149_2fdQC_79,molecules1,B7-heavy,249.1,469359
ER3_149_2fdQC_114,molecules1,B7-heavy,249.1,439027
ER3_149_2fdQC_142,molecules1,B7-heavy,249.1,432166
blk_07,molecules1,B7-heavy,249.1,7684
blk_19_210824190211,molecules1,B7-heavy,249.1,8694
ER3_149_2fdCal_p5fmol_20,molecules1,B7-heavy,249.1,449220
ER3_149_2fdCal_p5fmol_21,molecules1,B7-heavy,249.1,464575
ER3_149_2fdCal_p5fmol_22,molecules1,B7-heavy,249.1,491573
ER3_149_2fdCal_1fmol_24,molecules1,B7-heavy,249.1,462587
ER3_149_2fdCal_1fmol_25,molecules1,B7-heavy,249.1,476199
ER3_149_2fdCal_1fmol_26,molecules1,B7-heavy,249.1,464832
ER3_149_2fdCal_5fmol_28,molecules1,B7-heavy,249.1,507066
ER3_149_2fdCal_5fmol_29,molecules1,B7-heavy,249.1,495245
ER3_149_2fdCal_5fmol_30,molecules1,B7-heavy,249.1,486944
ER3_149_2fdCal_10fmol_31,molecules1,B7-heavy,249.1,503401
ER3_149_2fdCal_10fmol_32,molecules1,B7-heavy,249.1,510315
ER3_149_2fdCal_10fmol_33,molecules1,B7-heavy,249.1,510322
ER3_149_2fdCal_50fmol_35,molecules1,B7-heavy,249.1,498613
ER3_149_2fdCal_50fmol_36,molecules1,B7-heavy,249.1,503072
ER3_149_2fdCal_50fmol_37,molecules1,B7-heavy,249.1,476943
ER3_149_2fdCal_100fmol_39,molecules1,B7-heavy,249.1,499047
ER3_149_2fdCal_100fmol_40,molecules1,B7-heavy,249.1,481267
ER3_149_2fdCal_100fmol_41,molecules1,B7-heavy,249.1,504848
ER3_149_2fdQC_03,molecules1,B1,265.2,112179
ER3_149_2fdQC_04,molecules1,B1,265.2,103827
ER3_149_2fdQC_08,molecules1,B1,265.2,80141
ER3_149_2fdQC_09,molecules1,B1,265.2,161402
ER3_149_2fdQC_44,molecules1,B1,265.2,78655
ER3_149_2fdQC_79,molecules1,B1,265.2,56983
ER3_149_2fdQC_114,molecules1,B1,265.2,62651
ER3_149_2fdQC_142,molecules1,B1,265.2,21742
blk_07,molecules1,B1,265.2,5786
blk_19_210824190211,molecules1,B1,265.2,1614
ER3_149_2fdCal_p5fmol_20,molecules1,B1,265.2,255283
ER3_149_2fdCal_p5fmol_21,molecules1,B1,265.2,231056
ER3_149_2fdCal_p5fmol_22,molecules1,B1,265.2,219970
ER3_149_2fdCal_1fmol_24,molecules1,B1,265.2,238270
ER3_149_2fdCal_1fmol_25,molecules1,B1,265.2,207440
ER3_149_2fdCal_1fmol_26,molecules1,B1,265.2,212471
ER3_149_2fdCal_5fmol_28,molecules1,B1,265.2,260859
ER3_149_2fdCal_5fmol_29,molecules1,B1,265.2,236848
ER3_149_2fdCal_5fmol_30,molecules1,B1,265.2,244220
ER3_149_2fdCal_10fmol_31,molecules1,B1,265.2,297279
ER3_149_2fdCal_10fmol_32,molecules1,B1,265.2,275072
ER3_149_2fdCal_10fmol_33,molecules1,B1,265.2,238972
ER3_149_2fdCal_50fmol_35,molecules1,B1,265.2,513083
ER3_149_2fdCal_50fmol_36,molecules1,B1,265.2,500802
ER3_149_2fdCal_50fmol_37,molecules1,B1,265.2,478093
ER3_149_2fdCal_100fmol_39,molecules1,B1,265.2,644501
ER3_149_2fdCal_100fmol_40,molecules1,B1,265.2,599301
ER3_149_2fdCal_100fmol_41,molecules1,B1,265.2,720605
ER3_149_2fdQC_03,molecules1,B1-heavy,268.1,23113
ER3_149_2fdQC_04,molecules1,B1-heavy,268.1,25984
ER3_149_2fdQC_08,molecules1,B1-heavy,268.1,25770
ER3_149_2fdQC_09,molecules1,B1-heavy,268.1,43046
ER3_149_2fdQC_44,molecules1,B1-heavy,268.1,21657
ER3_149_2fdQC_79,molecules1,B1-heavy,268.1,19396
ER3_149_2fdQC_114,molecules1,B1-heavy,268.1,18011
ER3_149_2fdQC_142,molecules1,B1-heavy,268.1,13937
blk_07,molecules1,B1-heavy,268.1,3030
blk_19_210824190211,molecules1,B1-heavy,268.1,2276
ER3_149_2fdCal_p5fmol_20,molecules1,B1-heavy,268.1,53640
ER3_149_2fdCal_p5fmol_21,molecules1,B1-heavy,268.1,54780
ER3_149_2fdCal_p5fmol_22,molecules1,B1-heavy,268.1,46937
ER3_149_2fdCal_1fmol_24,molecules1,B1-heavy,268.1,60328
ER3_149_2fdCal_1fmol_25,molecules1,B1-heavy,268.1,48960
ER3_149_2fdCal_1fmol_26,molecules1,B1-heavy,268.1,49889
ER3_149_2fdCal_5fmol_28,molecules1,B1-heavy,268.1,49150
ER3_149_2fdCal_5fmol_29,molecules1,B1-heavy,268.1,54499
ER3_149_2fdCal_5fmol_30,molecules1,B1-heavy,268.1,53549
ER3_149_2fdCal_10fmol_31,molecules1,B1-heavy,268.1,51020
ER3_149_2fdCal_10fmol_32,molecules1,B1-heavy,268.1,44355
ER3_149_2fdCal_10fmol_33,molecules1,B1-heavy,268.1,47703
ER3_149_2fdCal_50fmol_35,molecules1,B1-heavy,268.1,54323
ER3_149_2fdCal_50fmol_36,molecules1,B1-heavy,268.1,56424
ER3_149_2fdCal_50fmol_37,molecules1,B1-heavy,268.1,59061
ER3_149_2fdCal_100fmol_39,molecules1,B1-heavy,268.1,59479
ER3_149_2fdCal_100fmol_40,molecules1,B1-heavy,268.1,52822
ER3_149_2fdCal_100fmol_41,molecules1,B1-heavy,268.1,50430
ER3_149_2fdQC_03,molecules1,B9,295,14504
ER3_149_2fdQC_04,molecules1,B9,295,15813
ER3_149_2fdQC_08,molecules1,B9,295,13243
ER3_149_2fdQC_09,molecules1,B9,295,12097
ER3_149_2fdQC_44,molecules1,B9,295,12932
ER3_149_2fdQC_79,molecules1,B9,295,11635
ER3_149_2fdQC_114,molecules1,B9,295,11000
ER3_149_2fdQC_142,molecules1,B9,295,8334
blk_07,molecules1,B9,295,489
blk_19_210824190211,molecules1,B9,295,0
ER3_149_2fdCal_p5fmol_20,molecules1,B9,295,13830
ER3_149_2fdCal_p5fmol_21,molecules1,B9,295,14823
ER3_149_2fdCal_p5fmol_22,molecules1,B9,295,13786
ER3_149_2fdCal_1fmol_24,molecules1,B9,295,13663
ER3_149_2fdCal_1fmol_25,molecules1,B9,295,16980
ER3_149_2fdCal_1fmol_26,molecules1,B9,295,17583
ER3_149_2fdCal_5fmol_28,molecules1,B9,295,14435
ER3_149_2fdCal_5fmol_29,molecules1,B9,295,15098
ER3_149_2fdCal_5fmol_30,molecules1,B9,295,13804
ER3_149_2fdCal_10fmol_31,molecules1,B9,295,12774
ER3_149_2fdCal_10fmol_32,molecules1,B9,295,12778
ER3_149_2fdCal_10fmol_33,molecules1,B9,295,16023
ER3_149_2fdCal_50fmol_35,molecules1,B9,295,13395
ER3_149_2fdCal_50fmol_36,molecules1,B9,295,17023
ER3_149_2fdCal_50fmol_37,molecules1,B9,295,17361
ER3_149_2fdCal_100fmol_39,molecules1,B9,295,16251
ER3_149_2fdCal_100fmol_40,molecules1,B9,295,14558
ER3_149_2fdCal_100fmol_41,molecules1,B9,295,16696
ER3_149_2fdQC_03,molecules1,Glutathione,308.091,28070
ER3_149_2fdQC_04,molecules1,Glutathione,308.091,24253
ER3_149_2fdQC_08,molecules1,Glutathione,308.091,23875
ER3_149_2fdQC_09,molecules1,Glutathione,308.091,23274
ER3_149_2fdQC_44,molecules1,Glutathione,308.091,27478
ER3_149_2fdQC_79,molecules1,Glutathione,308.091,23501
ER3_149_2fdQC_114,molecules1,Glutathione,308.091,25321
ER3_149_2fdQC_142,molecules1,Glutathione,308.091,15652
blk_07,molecules1,Glutathione,308.091,1609
blk_19_210824190211,molecules1,Glutathione,308.091,324
ER3_149_2fdCal_p5fmol_20,molecules1,Glutathione,308.091,7829
ER3_149_2fdCal_p5fmol_21,molecules1,Glutathione,308.091,10045
ER3_149_2fdCal_p5fmol_22,molecules1,Glutathione,308.091,6008
ER3_149_2fdCal_1fmol_24,molecules1,Glutathione,308.091,10567
ER3_149_2fdCal_1fmol_25,molecules1,Glutathione,308.091,9854
ER3_149_2fdCal_1fmol_26,molecules1,Glutathione,308.091,11381
ER3_149_2fdCal_5fmol_28,molecules1,Glutathione,308.091,10832
ER3_149_2fdCal_5fmol_29,molecules1,Glutathione,308.091,14216
ER3_149_2fdCal_5fmol_30,molecules1,Glutathione,308.091,11330
ER3_149_2fdCal_10fmol_31,molecules1,Glutathione,308.091,11285
ER3_149_2fdCal_10fmol_32,molecules1,Glutathione,308.091,12532
ER3_149_2fdCal_10fmol_33,molecules1,Glutathione,308.091,9237
ER3_149_2fdCal_50fmol_35,molecules1,Glutathione,308.091,6990
ER3_149_2fdCal_50fmol_36,molecules1,Glutathione,308.091,10242
ER3_149_2fdCal_50fmol_37,molecules1,Glutathione,308.091,13721
ER3_149_2fdCal_100fmol_39,molecules1,Glutathione,308.091,8551
ER3_149_2fdCal_100fmol_40,molecules1,Glutathione,308.091,9590
ER3_149_2fdCal_100fmol_41,molecules1,Glutathione,308.091,10097
ER3_149_2fdQC_03,molecules1,TMP,345.2,161
ER3_149_2fdQC_04,molecules1,TMP,345.2,344
ER3_149_2fdQC_08,molecules1,TMP,345.2,1251
ER3_149_2fdQC_09,molecules1,TMP,345.2,1585
ER3_149_2fdQC_44,molecules1,TMP,345.2,469
ER3_149_2fdQC_79,molecules1,TMP,345.2,827
ER3_149_2fdQC_114,molecules1,TMP,345.2,1223
ER3_149_2fdQC_142,molecules1,TMP,345.2,967
blk_07,molecules1,TMP,345.2,887
blk_19_210824190211,molecules1,TMP,345.2,3180
ER3_149_2fdCal_p5fmol_20,molecules1,TMP,345.2,976
ER3_149_2fdCal_p5fmol_21,molecules1,TMP,345.2,99
ER3_149_2fdCal_p5fmol_22,molecules1,TMP,345.2,1656
ER3_149_2fdCal_1fmol_24,molecules1,TMP,345.2,957
ER3_149_2fdCal_1fmol_25,molecules1,TMP,345.2,2754
ER3_149_2fdCal_1fmol_26,molecules1,TMP,345.2,2226
ER3_149_2fdCal_5fmol_28,molecules1,TMP,345.2,5273
ER3_149_2fdCal_5fmol_29,molecules1,TMP,345.2,4695
ER3_149_2fdCal_5fmol_30,molecules1,TMP,345.2,4317
ER3_149_2fdCal_10fmol_31,molecules1,TMP,345.2,6328
ER3_149_2fdCal_10fmol_32,molecules1,TMP,345.2,6039
ER3_149_2fdCal_10fmol_33,molecules1,TMP,345.2,7270
ER3_149_2fdCal_50fmol_35,molecules1,TMP,345.2,29748
ER3_149_2fdCal_50fmol_36,molecules1,TMP,345.2,29492
ER3_149_2fdCal_50fmol_37,molecules1,TMP,345.2,24106
ER3_149_2fdCal_100fmol_39,molecules1,TMP,345.2,42469
ER3_149_2fdCal_100fmol_40,molecules1,TMP,345.2,46624
ER3_149_2fdCal_100fmol_41,molecules1,TMP,345.2,52764
ER3_149_2fdQC_03,molecules1,B2,377.2,13222
ER3_149_2fdQC_04,molecules1,B2,377.2,11896
ER3_149_2fdQC_08,molecules1,B2,377.2,19056
ER3_149_2fdQC_09,molecules1,B2,377.2,13946
ER3_149_2fdQC_44,molecules1,B2,377.2,15935
ER3_149_2fdQC_79,molecules1,B2,377.2,14834
ER3_149_2fdQC_114,molecules1,B2,377.2,10758
ER3_149_2fdQC_142,molecules1,B2,377.2,13175
blk_07,molecules1,B2,377.2,1294
blk_19_210824190211,molecules1,B2,377.2,1643
ER3_149_2fdCal_p5fmol_20,molecules1,B2,377.2,18877
ER3_149_2fdCal_p5fmol_21,molecules1,B2,377.2,21354
ER3_149_2fdCal_p5fmol_22,molecules1,B2,377.2,21719
ER3_149_2fdCal_1fmol_24,molecules1,B2,377.2,25515
ER3_149_2fdCal_1fmol_25,molecules1,B2,377.2,28241
ER3_149_2fdCal_1fmol_26,molecules1,B2,377.2,19873
ER3_149_2fdCal_5fmol_28,molecules1,B2,377.2,65436
ER3_149_2fdCal_5fmol_29,molecules1,B2,377.2,64159
ER3_149_2fdCal_5fmol_30,molecules1,B2,377.2,59276
ER3_149_2fdCal_10fmol_31,molecules1,B2,377.2,108990
ER3_149_2fdCal_10fmol_32,molecules1,B2,377.2,103272
ER3_149_2fdCal_10fmol_33,molecules1,B2,377.2,108837
ER3_149_2fdCal_50fmol_35,molecules1,B2,377.2,544356
ER3_149_2fdCal_50fmol_36,molecules1,B2,377.2,536592
ER3_149_2fdCal_50fmol_37,molecules1,B2,377.2,555409
ER3_149_2fdCal_100fmol_39,molecules1,B2,377.2,1014610
ER3_149_2fdCal_100fmol_40,molecules1,B2,377.2,1048309
ER3_149_2fdCal_100fmol_41,molecules1,B2,377.2,1046589
ER3_149_2fdQC_03,molecules1,B2-heavy,383.2,335006
ER3_149_2fdQC_04,molecules1,B2-heavy,383.2,310689
ER3_149_2fdQC_08,molecules1,B2-heavy,383.2,343547
ER3_149_2fdQC_09,molecules1,B2-heavy,383.2,303973
ER3_149_2fdQC_44,molecules1,B2-heavy,383.2,362496
ER3_149_2fdQC_79,molecules1,B2-heavy,383.2,318021
ER3_149_2fdQC_114,molecules1,B2-heavy,383.2,307278
ER3_149_2fdQC_142,molecules1,B2-heavy,383.2,326048
blk_07,molecules1,B2-heavy,383.2,4422
blk_19_210824190211,molecules1,B2-heavy,383.2,2062
ER3_149_2fdCal_p5fmol_20,molecules1,B2-heavy,383.2,369498
ER3_149_2fdCal_p5fmol_21,molecules1,B2-heavy,383.2,393462
ER3_149_2fdCal_p5fmol_22,molecules1,B2-heavy,383.2,392978
ER3_149_2fdCal_1fmol_24,molecules1,B2-heavy,383.2,387611
ER3_149_2fdCal_1fmol_25,molecules1,B2-heavy,383.2,382377
ER3_149_2fdCal_1fmol_26,molecules1,B2-heavy,383.2,367977
ER3_149_2fdCal_5fmol_28,molecules1,B2-heavy,383.2,396356
ER3_149_2fdCal_5fmol_29,molecules1,B2-heavy,383.2,370833
ER3_149_2fdCal_5fmol_30,molecules1,B2-heavy,383.2,395565
ER3_149_2fdCal_10fmol_31,molecules1,B2-heavy,383.2,383103
ER3_149_2fdCal_10fmol_32,molecules1,B2-heavy,383.2,371213
ER3_149_2fdCal_10fmol_33,molecules1,B2-heavy,383.2,385826
ER3_149_2fdCal_50fmol_35,molecules1,B2-heavy,383.2,386477
ER3_149_2fdCal_50fmol_36,molecules1,B2-heavy,383.2,383065
ER3_149_2fdCal_50fmol_37,molecules1,B2-heavy,383.2,378979
ER3_149_2fdCal_100fmol_39,molecules1,B2-heavy,383.2,382466
ER3_149_2fdCal_100fmol_40,molecules1,B2-heavy,383.2,395875
ER3_149_2fdCal_100fmol_41,molecules1,B2-heavy,383.2,379718
ER3_149_2fdQC_03,molecules1,SAH,386.2,11634
ER3_149_2fdQC_04,molecules1,SAH,386.2,9312
ER3_149_2fdQC_08,molecules1,SAH,386.2,8436
ER3_149_2fdQC_09,molecules1,SAH,386.2,13853
ER3_149_2fdQC_44,molecules1,SAH,386.2,4849
ER3_149_2fdQC_79,molecules1,SAH,386.2,4115
ER3_149_2fdQC_114,molecules1,SAH,386.2,5263
ER3_149_2fdQC_142,molecules1,SAH,386.2,3340
blk_07,molecules1,SAH,386.2,450
blk_19_210824190211,molecules1,SAH,386.2,986
ER3_149_2fdCal_p5fmol_20,molecules1,SAH,386.2,11996
ER3_149_2fdCal_p5fmol_21,molecules1,SAH,386.2,12207
ER3_149_2fdCal_p5fmol_22,molecules1,SAH,386.2,13855
ER3_149_2fdCal_1fmol_24,molecules1,SAH,386.2,9795
ER3_149_2fdCal_1fmol_25,molecules1,SAH,386.2,14039
ER3_149_2fdCal_1fmol_26,molecules1,SAH,386.2,12418
ER3_149_2fdCal_5fmol_28,molecules1,SAH,386.2,10722
ER3_149_2fdCal_5fmol_29,molecules1,SAH,386.2,14218
ER3_149_2fdCal_5fmol_30,molecules1,SAH,386.2,12725
ER3_149_2fdCal_10fmol_31,molecules1,SAH,386.2,15540
ER3_149_2fdCal_10fmol_32,molecules1,SAH,386.2,13790
ER3_149_2fdCal_10fmol_33,molecules1,SAH,386.2,15895
ER3_149_2fdCal_50fmol_35,molecules1,SAH,386.2,32221
ER3_149_2fdCal_50fmol_36,molecules1,SAH,386.2,33101
ER3_149_2fdCal_50fmol_37,molecules1,SAH,386.2,36306
ER3_149_2fdCal_100fmol_39,molecules1,SAH,386.2,47728
ER3_149_2fdCal_100fmol_40,molecules1,SAH,386.2,47333
ER3_149_2fdCal_100fmol_41,molecules1,SAH,386.2,48967
ER3_149_2fdQC_03,molecules1,SAM,399.2,11157
ER3_149_2fdQC_04,molecules1,SAM,399.2,14742
ER3_149_2fdQC_08,molecules1,SAM,399.2,18064
ER3_149_2fdQC_09,molecules1,SAM,399.2,25313
ER3_149_2fdQC_44,molecules1,SAM,399.2,18415
ER3_149_2fdQC_79,molecules1,SAM,399.2,8717
ER3_149_2fdQC_114,molecules1,SAM,399.2,12547
ER3_149_2fdQC_142,molecules1,SAM,399.2,4707
blk_07,molecules1,SAM,399.2,1886
blk_19_210824190211,molecules1,SAM,399.2,378
ER3_149_2fdCal_p5fmol_20,molecules1,SAM,399.2,40546
ER3_149_2fdCal_p5fmol_21,molecules1,SAM,399.2,36353
ER3_149_2fdCal_p5fmol_22,molecules1,SAM,399.2,29661
ER3_149_2fdCal_1fmol_24,molecules1,SAM,399.2,37254
ER3_149_2fdCal_1fmol_25,molecules1,SAM,399.2,34426
ER3_149_2fdCal_1fmol_26,molecules1,SAM,399.2,35795
ER3_149_2fdCal_5fmol_28,molecules1,SAM,399.2,33230
ER3_149_2fdCal_5fmol_29,molecules1,SAM,399.2,36129
ER3_149_2fdCal_5fmol_30,molecules1,SAM,399.2,39119
ER3_149_2fdCal_10fmol_31,molecules1,SAM,399.2,49296
ER3_149_2fdCal_10fmol_32,molecules1,SAM,399.2,40583
ER3_149_2fdCal_10fmol_33,molecules1,SAM,399.2,40376
ER3_149_2fdCal_50fmol_35,molecules1,SAM,399.2,55081
ER3_149_2fdCal_50fmol_36,molecules1,SAM,399.2,61000
ER3_149_2fdCal_50fmol_37,molecules1,SAM,399.2,63644
ER3_149_2fdCal_100fmol_39,molecules1,SAM,399.2,76630
ER3_149_2fdCal_100fmol_40,molecules1,SAM,399.2,74139
ER3_149_2fdCal_100fmol_41,molecules1,SAM,399.2,71374
ER3_149_2fdQC_03,molecules1,B12-OH,665,139601
ER3_149_2fdQC_04,molecules1,B12-OH,665,141837
ER3_149_2fdQC_08,molecules1,B12-OH,665,105689
ER3_149_2fdQC_09,molecules1,B12-OH,665,141913
ER3_149_2fdQC_44,molecules1,B12-OH,665,150671
ER3_149_2fdQC_79,molecules1,B12-OH,665,130460
ER3_149_2fdQC_114,molecules1,B12-OH,665,103370
ER3_149_2fdQC_142,molecules1,B12-OH,665,77791
blk_07,molecules1,B12-OH,665,387
blk_19_210824190211,molecules1,B12-OH,665,1081
ER3_149_2fdCal_p5fmol_20,molecules1,B12-OH,665,146631
ER3_149_2fdCal_p5fmol_21,molecules1,B12-OH,665,138347
ER3_149_2fdCal_p5fmol_22,molecules1,B12-OH,665,162573
ER3_149_2fdCal_1fmol_24,molecules1,B12-OH,665,146525
ER3_149_2fdCal_1fmol_25,molecules1,B12-OH,665,182248
ER3_149_2fdCal_1fmol_26,molecules1,B12-OH,665,155843
ER3_149_2fdCal_5fmol_28,molecules1,B12-OH,665,239397
ER3_149_2fdCal_5fmol_29,molecules1,B12-OH,665,239123
ER3_149_2fdCal_5fmol_30,molecules1,B12-OH,665,234580
ER3_149_2fdCal_10fmol_31,molecules1,B12-OH,665,304360
ER3_149_2fdCal_10fmol_32,molecules1,B12-OH,665,295998
ER3_149_2fdCal_10fmol_33,molecules1,B12-OH,665,313053
ER3_149_2fdCal_50fmol_35,molecules1,B12-OH,665,1141343
ER3_149_2fdCal_50fmol_36,molecules1,B12-OH,665,1152795
ER3_149_2fdCal_50fmol_37,molecules1,B12-OH,665,1166056
ER3_149_2fdCal_100fmol_39,molecules1,B12-OH,665,1887448
ER3_149_2fdCal_100fmol_40,molecules1,B12-OH,665,1876805
ER3_149_2fdCal_100fmol_41,molecules1,B12-OH,665,1905106
ER3_149_2fdQC_03,molecules1,B12-Me,673.5,1881
ER3_149_2fdQC_04,molecules1,B12-Me,673.5,2045
ER3_149_2fdQC_08,molecules1,B12-Me,673.5,2088
ER3_149_2fdQC_09,molecules1,B12-Me,673.5,1305
ER3_149_2fdQC_44,molecules1,B12-Me,673.5,2544
ER3_149_2fdQC_79,molecules1,B12-Me,673.5,3409
ER3_149_2fdQC_114,molecules1,B12-Me,673.5,2046
ER3_149_2fdQC_142,molecules1,B12-Me,673.5,1394
blk_07,molecules1,B12-Me,673.5,0
blk_19_210824190211,molecules1,B12-Me,673.5,295
ER3_149_2fdCal_p5fmol_20,molecules1,B12-Me,673.5,1165
ER3_149_2fdCal_p5fmol_21,molecules1,B12-Me,673.5,1008
ER3_149_2fdCal_p5fmol_22,molecules1,B12-Me,673.5,2216
ER3_149_2fdCal_1fmol_24,molecules1,B12-Me,673.5,2945
ER3_149_2fdCal_1fmol_25,molecules1,B12-Me,673.5,2079
ER3_149_2fdCal_1fmol_26,molecules1,B12-Me,673.5,1719
ER3_149_2fdCal_5fmol_28,molecules1,B12-Me,673.5,4224
ER3_149_2fdCal_5fmol_29,molecules1,B12-Me,673.5,6104
ER3_149_2fdCal_5fmol_30,molecules1,B12-Me,673.5,6200
ER3_149_2fdCal_10fmol_31,molecules1,B12-Me,673.5,8508
ER3_149_2fdCal_10fmol_32,molecules1,B12-Me,673.5,8386
ER3_149_2fdCal_10fmol_33,molecules1,B12-Me,673.5,11431
ER3_149_2fdCal_50fmol_35,molecules1,B12-Me,673.5,196561
ER3_149_2fdCal_50fmol_36,molecules1,B12-Me,673.5,206169
ER3_149_2fdCal_50fmol_37,molecules1,B12-Me,673.5,244424
ER3_149_2fdCal_100fmol_39,molecules1,B12-Me,673.5,203738
ER3_149_2fdCal_100fmol_40,molecules1,B12-Me,673.5,213069
ER3_149_2fdCal_100fmol_41,molecules1,B12-Me,673.5,250391
ER3_149_2fdQC_03,molecules1,B12-CN,678.4,4192
ER3_149_2fdQC_04,molecules1,B12-CN,678.4,3000
ER3_149_2fdQC_08,molecules1,B12-CN,678.4,3885
ER3_149_2fdQC_09,molecules1,B12-CN,678.4,3420
ER3_149_2fdQC_44,molecules1,B12-CN,678.4,3532
ER3_149_2fdQC_79,molecules1,B12-CN,678.4,3042
ER3_149_2fdQC_114,molecules1,B12-CN,678.4,1959
ER3_149_2fdQC_142,molecules1,B12-CN,678.4,2352
blk_07,molecules1,B12-CN,678.4,0
blk_19_210824190211,molecules1,B12-CN,678.4,0
ER3_149_2fdCal_p5fmol_20,molecules1,B12-CN,678.4,9643
ER3_149_2fdCal_p5fmol_21,molecules1,B12-CN,678.4,7766
ER3_149_2fdCal_p5fmol_22,molecules1,B12-CN,678.4,7948
ER3_149_2fdCal_1fmol_24,molecules1,B12-CN,678.4,8946
ER3_149_2fdCal_1fmol_25,molecules1,B12-CN,678.4,11655
ER3_149_2fdCal_1fmol_26,molecules1,B12-CN,678.4,11549
ER3_149_2fdCal_5fmol_28,molecules1,B12-CN,678.4,48485
ER3_149_2fdCal_5fmol_29,molecules1,B12-CN,678.4,44680
ER3_149_2fdCal_5fmol_30,molecules1,B12-CN,678.4,47689
ER3_149_2fdCal_10fmol_31,molecules1,B12-CN,678.4,98313
ER3_149_2fdCal_10fmol_32,molecules1,B12-CN,678.4,96221
ER3_149_2fdCal_10fmol_33,molecules1,B12-CN,678.4,101010
ER3_149_2fdCal_50fmol_35,molecules1,B12-CN,678.4,551167
ER3_149_2fdCal_50fmol_36,molecules1,B12-CN,678.4,571696
ER3_149_2fdCal_50fmol_37,molecules1,B12-CN,678.4,577660
ER3_149_2fdCal_100fmol_39,molecules1,B12-CN,678.4,1038749
ER3_149_2fdCal_100fmol_40,molecules1,B12-CN,678.4,1039857
ER3_149_2fdCal_100fmol_41,molecules1,B12-CN,678.4,1021051
ER3_149_2fdQC_03,molecules1,B12-CN-heavy,681.9,58955
ER3_149_2fdQC_04,molecules1,B12-CN-heavy,681.9,59387
ER3_149_2fdQC_08,molecules1,B12-CN-heavy,681.9,59694
ER3_149_2fdQC_09,molecules1,B12-CN-heavy,681.9,61138
ER3_149_2fdQC_44,molecules1,B12-CN-heavy,681.9,58765
ER3_149_2fdQC_79,molecules1,B12-CN-heavy,681.9,56209
ER3_149_2fdQC_114,molecules1,B12-CN-heavy,681.9,44059
ER3_149_2fdQC_142,molecules1,B12-CN-heavy,681.9,38284
blk_07,molecules1,B12-CN-heavy,681.9,1
blk_19_210824190211,molecules1,B12-CN-heavy,681.9,0
ER3_149_2fdCal_p5fmol_20,molecules1,B12-CN-heavy,681.9,66564
ER3_149_2fdCal_p5fmol_21,molecules1,B12-CN-heavy,681.9,63846
ER3_149_2fdCal_p5fmol_22,molecules1,B12-CN-heavy,681.9,71418
ER3_149_2fdCal_1fmol_24,molecules1,B12-CN-heavy,681.9,62347
ER3_149_2fdCal_1fmol_25,molecules1,B12-CN-heavy,681.9,65471
ER3_149_2fdCal_1fmol_26,molecules1,B12-CN-heavy,681.9,67114
ER3_149_2fdCal_5fmol_28,molecules1,B12-CN-heavy,681.9,71137
ER3_149_2fdCal_5fmol_29,molecules1,B12-CN-heavy,681.9,63128
ER3_149_2fdCal_5fmol_30,molecules1,B12-CN-heavy,681.9,67145
ER3_149_2fdCal_10fmol_31,molecules1,B12-CN-heavy,681.9,69887
ER3_149_2fdCal_10fmol_32,molecules1,B12-CN-heavy,681.9,66113
ER3_149_2fdCal_10fmol_33,molecules1,B12-CN-heavy,681.9,62152
ER3_149_2fdCal_50fmol_35,molecules1,B12-CN-heavy,681.9,68308
ER3_149_2fdCal_50fmol_36,molecules1,B12-CN-heavy,681.9,67189
ER3_149_2fdCal_50fmol_37,molecules1,B12-CN-heavy,681.9,72346
ER3_149_2fdCal_100fmol_39,molecules1,B12-CN-heavy,681.9,66031
ER3_149_2fdCal_100fmol_40,molecules1,B12-CN-heavy,681.9,67633
ER3_149_2fdCal_100fmol_41,molecules1,B12-CN-heavy,681.9,63890
ER3_149_2fdQC_03,molecules1,B12-Ado,790.9,1187
ER3_149_2fdQC_04,molecules1,B12-Ado,790.9,931
ER3_149_2fdQC_08,molecules1,B12-Ado,790.9,1749
ER3_149_2fdQC_09,molecules1,B12-Ado,790.9,756
ER3_149_2fdQC_44,molecules1,B12-Ado,790.9,1105
ER3_149_2fdQC_79,molecules1,B12-Ado,790.9,1092
ER3_149_2fdQC_114,molecules1,B12-Ado,790.9,490
ER3_149_2fdQC_142,molecules1,B12-Ado,790.9,365
blk_07,molecules1,B12-Ado,790.9,0
blk_19_210824190211,molecules1,B12-Ado,790.9,0
ER3_149_2fdCal_p5fmol_20,molecules1,B12-Ado,790.9,1040
ER3_149_2fdCal_p5fmol_21,molecules1,B12-Ado,790.9,946
ER3_149_2fdCal_p5fmol_22,molecules1,B12-Ado,790.9,1462
ER3_149_2fdCal_1fmol_24,molecules1,B12-Ado,790.9,2481
ER3_149_2fdCal_1fmol_25,molecules1,B12-Ado,790.9,1848
ER3_149_2fdCal_1fmol_26,molecules1,B12-Ado,790.9,1564
ER3_149_2fdCal_5fmol_28,molecules1,B12-Ado,790.9,5052
ER3_149_2fdCal_5fmol_29,molecules1,B12-Ado,790.9,6882
ER3_149_2fdCal_5fmol_30,molecules1,B12-Ado,790.9,6283
ER3_149_2fdCal_10fmol_31,molecules1,B12-Ado,790.9,10232
ER3_149_2fdCal_10fmol_32,molecules1,B12-Ado,790.9,9351
ER3_149_2fdCal_10fmol_33,molecules1,B12-Ado,790.9,9954
ER3_149_2fdCal_50fmol_35,molecules1,B12-Ado,790.9,196229
ER3_149_2fdCal_50fmol_36,molecules1,B12-Ado,790.9,194030
ER3_149_2fdCal_50fmol_37,molecules1,B12-Ado,790.9,220371
ER3_149_2fdCal_100fmol_39,molecules1,B12-Ado,790.9,177423
ER3_149_2fdCal_100fmol_40,molecules1,B12-Ado,790.9,201132
ER3_149_2fdCal_100fmol_41,molecules1,B12-Ado,790.9,221557
